bra,ket,ahb,norm
1,1,0.17053289711475372,0.6928958296775818
1,2,-0.0023666212800890207,2.5134369934676215e-05
1,3,0.00019744064775295556,-1.150156435869576e-06
1,4,0.0008332819561474025,-6.02212958256132e-06
1,5,-0.0019094926537945867,2.6290230380254798e-05
1,6,-0.0016142047243192792,1.5399977201013826e-05
1,7,-0.08238156884908676,0.0012761012185364962
1,8,-0.0020853220485150814,1.8209137124358676e-05
1,9,-0.00018907460616901517,1.4664418586107786e-06
1,10,-0.000196839144336991,2.147880422853632e-06
1,11,0.07316316664218903,-0.0009005637839436531
1,12,0.010249131359159946,-0.0001009684128803201
1,13,2.3645201508770697e-05,3.306793701085553e-07
1,14,0.002314608544111252,-1.610065191925969e-05
1,15,-0.0036213763523846865,3.708922668010928e-05
1,16,9.92047989711864e-06,6.822983777965419e-07
1,17,0.009920328855514526,-0.00010415622091386467
1,18,-0.12444651871919632,0.0026797917671501637
1,19,0.011251071467995644,-0.0001894770102808252
1,20,-0.004160881508141756,4.377404184197076e-05
1,21,0.019726332277059555,-0.00021986431966070086
1,22,-0.0031298953108489513,4.0816863474901766e-05
1,23,-0.05446924269199371,0.0009209553245455027
1,24,0.06563757359981537,-0.0007527960115112364
1,25,0.0007277152617461979,-6.0265765569056384e-06
1,26,0.003836397547274828,-3.669594298116863e-05
1,27,-0.00017314989236183465,1.4243013310988317e-06
1,28,0.0025940085761249065,-3.51587041222956e-05
1,29,0.2849409580230713,-0.006043164059519768
1,30,0.006505121942609549,-6.077123180148192e-05
1,31,-1.0555124390521087e-05,7.747929657853092e-07
1,32,-0.1256774514913559,0.0022516539320349693
1,33,-0.25720372796058655,0.00600435072556138
1,34,-0.0655815377831459,0.0009509773808531463
1,35,-0.10179713368415833,0.0016242634737864137
1,36,-0.002097858116030693,1.7567339455126785e-05
1,37,-0.0009939295705407858,1.1109936167486012e-05
1,38,-5.019266973249614e-05,6.228309530342813e-07
1,39,-0.0002027727896347642,2.7426465294411173e-06
1,40,0.00022044722572900355,-1.4124657354841474e-06
1,41,-1.7879694700241089,0.07580210268497467
1,42,-0.3894557058811188,0.008203307166695595
1,43,-0.17807839810848236,0.0032159520778805017
1,44,-0.001585320569574833,2.844115260813851e-05
1,45,0.005656793247908354,-6.104641215642914e-05
1,46,0.09152285009622574,-0.0014433825854212046
1,47,-0.2735667824745178,0.005329938605427742
1,48,-3.82032994821202e-05,8.513644615959493e-07
1,49,0.3756910562515259,-0.007585306651890278
1,50,0.003465077606961131,-3.984853174188174e-05
2,2,2.1625003814697266,0.9953950047492981
2,3,-5.705612420570105e-05,7.924850251583848e-07
2,4,-0.0005079751135781407,5.278101525618695e-06
2,5,-8.943532884586602e-05,9.434839398636541e-07
2,6,-0.00040381657890975475,5.09610572407837e-06
2,7,-0.0049439966678619385,4.937652192893438e-05
2,8,-0.0011730093974620104,1.170237192127388e-05
2,9,-0.00035887054400518537,2.204625843660324e-06
2,10,-2.2576807168661617e-05,1.1048564374505077e-06
2,11,0.00030493285157717764,-1.2253548220542143e-06
2,12,-8.896247891243547e-05,9.683607231636415e-07
2,13,-6.065990964998491e-05,3.2930776683315344e-07
2,14,-5.233637784840539e-05,1.727940571072395e-06
2,15,-0.0014650017255917192,1.634809814277105e-05
2,16,-0.00014368111442308873,3.603270499752398e-07
2,17,-0.01337901409715414,0.0001406569208484143
2,18,-7.999173976713791e-05,1.2721213806798914e-06
2,19,0.014763870276510715,-0.00015633193834219128
2,20,0.000560886284802109,-3.3450539831392234e-06
2,21,-0.00011191399244125932,1.0065251672131126e-06
2,22,-0.00015602614439558238,1.2268291129657882e-06
2,23,-8.643772889627144e-05,1.0251060302834958e-06
2,24,5.191982563701458e-05,1.0952107913908549e-06
2,25,-1.635236549191177e-05,1.3582396150013665e-06
2,26,7.517656740674283e-06,1.169365873465722e-06
2,27,-0.000138881106977351,1.8622426978254225e-06
2,28,0.00791130680590868,-7.412285776808858e-05
2,29,0.004428526386618614,-4.042443833895959e-05
2,30,-0.00019222554692532867,1.463451098970836e-06
2,31,-5.178420906304382e-06,1.036338161952699e-07
2,32,-0.00010911332356045023,6.48601542252436e-07
2,33,-3.02257575413023e-07,1.0969339427902014e-06
2,34,0.000300992134725675,-1.4441856137636933e-06
2,35,0.004409229848533869,-3.7433266697917134e-05
2,36,-9.02120373211801e-05,7.137497277653893e-07
2,37,-0.000346219603670761,1.981437662834651e-06
2,38,-0.00015741339302621782,1.603838768460264e-06
2,39,-0.00019853923004120588,1.7460980643591029e-06
2,40,8.167657506419346e-05,1.8281064058101038e-06
2,41,-3.175679375999607e-05,1.2065227110724663e-06
2,42,-0.00018954540428239852,1.1053219850509777e-06
2,43,-0.0002046672598225996,1.8754436723611434e-06
2,44,-0.00013448701065499336,2.237316266473499e-06
2,45,7.650860061403364e-05,-4.367617378875366e-08
2,46,0.012302129529416561,-0.00010183807171415538
2,47,-0.00018575751164462417,3.2106911476148525e-06
2,48,-0.00013506038521882147,1.7044551441358635e-06
2,49,-0.0009094226406887174,9.330913599114865e-06
2,50,0.0002026698348345235,-1.017803697322961e-06
3,3,-0.3199508488178253,0.19293950498104095
3,4,0.04854504391551018,-0.0007070647552609444
3,5,-0.15592901408672333,0.004597106482833624
3,6,0.0043923803605139256,-4.372636976768263e-05
3,7,0.014230521395802498,-0.0001806125364964828
3,8,0.40372949838638306,-0.006483606994152069
3,9,0.017870837822556496,-0.0002179978328058496
3,10,0.08909028023481369,-0.0018323149997740984
3,11,-0.00012591000995598733,-2.9737245199612516e-07
3,12,-0.18058618903160095,0.003214030060917139
3,13,2.9815282687195577e-05,1.3224197346062283e-06
3,14,-0.0025105306413024664,2.9814789741067216e-05
3,15,0.0014891502214595675,-1.3026099622948095e-05
3,16,0.0028626287821680307,-2.9580947739304975e-05
3,17,0.05580306425690651,-0.0007307713385671377
3,18,-0.00011236773570999503,4.5213973862701096e-06
3,19,-0.23339925706386566,0.004514067899435759
3,20,0.006815599277615547,-0.00018120788445230573
3,21,-0.01710631512105465,0.00023700362362433225
3,22,-0.06261159479618073,0.0016440668841823936
3,23,-0.059395208954811096,0.0018547663930803537
3,24,-0.011612620204687119,0.00014784923405386508
3,25,0.0007103898678906262,-7.78632875153562e-06
3,26,0.0012106981594115496,-1.3422274605545681e-05
3,27,0.4102177023887634,-0.01274680346250534
3,28,-0.5417741537094116,0.01649702899158001
3,29,-0.22501066327095032,0.00526548083871603
3,30,-0.0008979058475233614,1.00912338893977e-05
3,31,-0.00011031646863557398,1.1110361128885415e-06
3,32,0.07266274094581604,-0.001325189252384007
3,33,-0.031509388238191605,0.0005827403510920703
3,34,0.012461300007998943,-0.00018611268023960292
3,35,0.021378571167588234,-0.0002896366349887103
3,36,-0.037424370646476746,0.0006673290045000613
3,37,0.385979026556015,-0.008579408749938011
3,38,0.867244303226471,-0.050666116178035736
3,39,2.3743155907141045e-05,1.3249945141069475e-06
3,40,-7.425603689625859e-05,2.2395759913251823e-07
3,41,0.0059447381645441055,-8.163619349943474e-05
3,42,0.08021234720945358,-0.001158465980552137
3,43,-0.0457255020737648,0.000665991276036948
3,44,0.0670786052942276,-0.0004452355206012726
3,45,-0.20305714011192322,0.0036862166598439217
3,46,0.007208977825939655,-7.405619544442743e-05
3,47,6.209379989741137e-06,6.733149575666175e-07
3,48,0.002372416900470853,-2.2199235900188796e-05
3,49,0.013874832540750504,-0.0001894517772598192
3,50,-0.13361364603042603,0.002871488453820348
4,4,-0.9471398591995239,0.7816475629806519
4,5,0.005395703483372927,-5.972143480903469e-05
4,6,0.00010839290189323947,1.4063839444133919e-06
4,7,0.0028597516939044,-2.9763290513074026e-05
4,8,-0.0032875738106667995,3.1014467822387815e-05
4,9,-0.03512472286820412,0.0004473704902920872
4,10,8.056779188336805e-05,1.2309537851251662e-06
4,11,0.00012568768579512835,-3.7418533338495763e-07
4,12,0.22561126947402954,-0.005113734398037195
4,13,-0.041542068123817444,0.0005146180046722293
4,14,-0.0002693066780921072,2.9002681003476027e-06
4,15,0.057538844645023346,-0.0007170047610998154
4,16,-0.09420473873615265,0.0014912531478330493
4,17,-0.40421995520591736,0.007590930908918381
4,18,0.0021501081064343452,-2.7974745535175316e-05
4,19,0.10083656758069992,-0.001470240531489253
4,20,0.026761963963508606,-0.00032400639611296356
4,21,0.25205695629119873,-0.004146946594119072
4,22,0.09974115341901779,-0.0016580355586484075
4,23,0.0010255606612190604,-1.3803842193738092e-05
4,24,0.0063329641707241535,-6.180791388032958e-05
4,25,-0.000149656567373313,1.410142203894793e-06
4,26,-0.0065390788950026035,6.278884393395856e-05
4,27,1.0046924352645874,-0.02801620215177536
4,28,-0.0005712992860935628,6.473790563177317e-06
4,29,0.0012021212605759501,-1.1985868695774116e-05
4,30,0.0008894842467270792,-8.338620318681933e-06
4,31,0.01391567848622799,-0.00014718291640747339
4,32,-0.05674150586128235,0.0008028274169191718
4,33,0.26699045300483704,-0.0049818577244877815
4,34,0.10999932140111923,-0.002003028756007552
4,35,-0.04558573663234711,0.0005705589428544044
4,36,0.05391332879662514,-0.0007682302384637296
4,37,-0.2657439410686493,0.004133477807044983
4,38,0.22818012535572052,-0.003785820910707116
4,39,-0.0002780025533866137,1.980892875508289e-06
4,40,-0.00012213352601975203,1.051250478667498e-06
4,41,0.00905376672744751,-0.00011261586041655391
4,42,-0.00740214716643095,8.026201976463199e-05
4,43,0.019355259835720062,-0.00022182050452101976
4,44,0.02366400510072708,-0.0002848014410119504
4,45,0.0009377581300213933,-1.0442092388984747e-05
4,46,-0.010605856776237488,0.00011987546895397827
4,47,1.2177398275525775e-05,1.0413275504106423e-06
4,48,-0.002234703628346324,2.145513462892268e-05
4,49,-0.41044384241104126,0.008065560832619667
4,50,0.0002368791465414688,-7.328170568143832e-07
5,5,-2.196958541870117,0.9167347550392151
5,6,-0.01460264716297388,0.00014901638496667147
5,7,0.09220196306705475,-0.0016141888918355107
5,8,0.6631995439529419,-0.01792554371058941
5,9,0.040066104382276535,-0.0005573799135163426
5,10,0.035859011113643646,-0.0004928041598759592
5,11,0.00021665618987753987,-5.481955440700403e-07
5,12,0.0016467691166326404,-9.234106073563453e-06
5,13,-0.0004847646050620824,4.511010047281161e-06
5,14,0.028416084125638008,-0.00032894324976950884
5,15,0.0038413109723478556,-4.048404662171379e-05
5,16,0.012305840849876404,-0.00014314160216599703
5,17,0.36887791752815247,-0.007309476844966412
5,18,-0.0018382780253887177,2.4497265258105472e-05
5,19,-2.1441056728363037,0.0732828676700592
5,20,0.2207157015800476,-0.0045196283608675
5,21,-0.012442594394087791,0.00019125427934341133
5,22,0.11010909825563431,-0.002053326228633523
5,23,0.18121282756328583,-0.00354029075242579
5,24,-0.046150900423526764,0.0005794601747766137
5,25,0.05659732595086098,-0.0007950443541631103
5,26,-0.02036319486796856,0.00026360369520261884
5,27,-0.01947392337024212,0.0002789679856505245
5,28,0.7953490614891052,-0.014682185836136341
5,29,-2.895508050918579,0.1349881887435913
5,30,-0.00014281464973464608,1.4513592532239272e-06
5,31,-0.00020695969578810036,2.5072179141716333e-06
5,32,0.012554049491882324,-0.00013104280515108258
5,33,0.028337443247437477,-0.00048687399248592556
5,34,0.0012165835360065103,-1.2042492926411796e-05
5,35,0.45801201462745667,-0.009803120978176594
5,36,0.015177341178059578,-0.0002753222652245313
5,37,1.9888533353805542,-0.051236387342214584
5,38,-0.2585630714893341,0.004218550398945808
5,39,-5.047217200626619e-05,1.5607895420544082e-06
5,40,-6.556377047672868e-05,1.7634039295444381e-06
5,41,0.032417181879282,-0.0004768068029079586
5,42,0.5891029834747314,-0.012698592618107796
5,43,-0.033765293657779694,0.00048554406384937465
5,44,-2.879924774169922,0.15760600566864014
5,45,-0.18952642381191254,0.0024214100558310747
5,46,0.0911879688501358,-0.0012033473467454314
5,47,0.001142469234764576,-8.75933710631216e-06
5,48,0.0009814569493755698,1.4074018508836161e-05
5,49,0.11642163246870041,-0.0019975134637206793
5,50,-0.16006064414978027,0.00228170957416296
6,6,0.31884098052978516,0.8701472282409668
6,7,-0.007717918138951063,8.165376493707299e-05
6,8,0.007060911972075701,-7.339500734815374e-05
6,9,-0.00026553007774055004,2.4416290216322523e-06
6,10,0.09983554482460022,-0.0013886104570701718
6,11,0.014747627079486847,-0.00016903484356589615
6,12,4.085896216565743e-05,5.775411864306079e-07
6,13,-0.00020245790074113756,2.4470559765177313e-06
6,14,0.011399365961551666,-0.00011969164916081354
6,15,0.0003960522008128464,-1.2696988278548815e-06
6,16,-0.00013540475629270077,1.94476615433814e-06
6,17,-0.0044825454242527485,4.393111157696694e-05
6,18,-0.0006642338703386486,5.86196892982116e-06
6,19,0.0017143802251666784,-1.5887779227341525e-05
6,20,0.008772685192525387,-8.907122537493706e-05
6,21,-3.354971340741031e-05,1.598139419911604e-06
6,22,-0.004293493460863829,4.7297406126745045e-05
6,23,0.0002004456182476133,7.850229621908511e-07
6,24,-0.012489937245845795,0.0001299314753850922
6,25,-8.715828153071925e-05,1.6211297406698577e-06
6,26,-1.2113157936255448e-05,1.804754674594733e-06
6,27,-0.21533463895320892,0.0038194924127310514
6,28,0.33594590425491333,-0.004787262063473463
6,29,-0.01927388273179531,0.0002748605329543352
6,30,-0.00017059565288946033,1.6081318108263076e-06
6,31,-9.901943849399686e-05,1.3985455780129996e-06
6,32,-6.17868936387822e-05,1.4692469676447217e-06
6,33,-0.0002364192478125915,-1.1960889878537273e-07
6,34,-6.929013034095988e-05,1.3605568938146462e-06
6,35,0.012711187824606895,-0.00012922892346978188
6,36,6.476129055954516e-05,1.2985926787223434e-06
6,37,-0.0034971218556165695,4.332515527494252e-05
6,38,-0.1619127243757248,0.002704503247514367
6,39,-9.80255426838994e-05,2.6757008981803665e-06
6,40,-9.798246173886582e-05,1.0646297141647665e-06
6,41,0.0007910804124549031,-6.050905540178064e-06
6,42,0.010819814167916775,-0.00011464589624665678
6,43,-0.00014376163017004728,1.8033335891232127e-06
6,44,-0.003061413997784257,2.93993616651278e-05
6,45,0.06591775268316269,-0.0010140754748135805
6,46,-0.00043336793896742165,5.601282282441389e-06
6,47,-3.577393727027811e-05,2.1646960703947116e-06
6,48,0.003974431660026312,-3.3016294764820486e-05
6,49,-0.004486536607146263,4.339126462582499e-05
6,50,-0.006376901175826788,8.226906356867403e-05
7,7,-0.764202892780304,0.3369084894657135
7,8,-0.3283118009567261,0.00814175233244896
7,9,-0.00028278844547457993,2.4679220587131567e-06
7,10,-6.429274071706459e-05,1.5367434116342338e-06
7,11,0.0033871347550302744,-3.3457265089964494e-05
7,12,-6.77646603435278e-05,9.58234750214615e-07
7,13,-0.00017958998796530068,1.3805365597363561e-06
7,14,-8.966201130533591e-05,2.3772781787556596e-06
7,15,-0.0001087784330593422,1.2731463812087895e-06
7,16,1.6228003005380742e-05,1.2702670346698142e-06
7,17,-0.24087294936180115,0.004915518686175346
7,18,-0.050370436161756516,0.0008189927320927382
7,19,0.03649692237377167,-0.0005335749010555446
7,20,-0.011940368451178074,0.00013902153295930475
7,21,0.005699419416487217,-6.433061207644641e-05
7,22,-0.031454842537641525,0.0004711114743258804
7,23,-0.000978454016149044,1.38670466185431e-05
7,24,0.002060089260339737,-1.978377804334741e-05
7,25,-0.0001002569479169324,8.605991865806573e-07
7,26,-0.00011509955220390111,1.1335856697769486e-06
7,27,-0.013006703928112984,0.00014592897787224501
7,28,0.2978939116001129,-0.0062452866695821285
7,29,0.3483318090438843,-0.007239048834890127
7,30,-3.9511061913799495e-05,6.993504371166637e-07
7,31,-7.921733777038753e-05,2.106198053297703e-06
7,32,-0.0012954258127138019,1.3626969121105503e-05
7,33,-0.5040606260299683,0.020419154316186905
7,34,-3.57002136297524e-05,-5.69690428164904e-07
7,35,-0.03367476165294647,0.0004287833580747247
7,36,1.1048234227928333e-05,4.816770342586096e-07
7,37,-0.08467581868171692,0.001419445383362472
7,38,-0.00022626535792369395,1.5744884876767173e-05
7,39,-0.00019392410467844456,1.4178270930642611e-06
7,40,-0.000132527929963544,9.396019322593929e-07
7,41,-0.0017440731171518564,2.6791569325723685e-05
7,42,-0.09726117551326752,0.0015067263739183545
7,43,0.00012186363892396912,-2.7885224085366644e-07
7,44,0.012249445542693138,-0.00017016871424857527
7,45,-0.007388975005596876,8.930731564760208e-05
7,46,0.0006508033839054406,-3.191601535945665e-06
7,47,-0.001431429642252624,1.5453959349542856e-05
7,48,0.00012776933726854622,-9.195640586767695e-07
7,49,-0.03855108842253685,0.0005645189085043967
7,50,0.010448191314935684,-0.00010979998478433117
8,8,-2.13973331451416,0.681058406829834
8,9,-0.0035803469363600016,3.6552006349666044e-05
8,10,-0.07696330547332764,0.0010493819136172533
8,11,-6.416549149435014e-05,9.625773600419052e-07
8,12,0.0004794536507688463,-3.507018163872999e-06
8,13,-0.001170836971141398,1.054234235198237e-05
8,14,-4.360487582744099e-05,8.351108249371464e-07
8,15,-0.03992795944213867,0.0005659868475049734
8,16,-0.043266668915748596,0.0006011594086885452
8,17,-2.8736751079559326,0.14497262239456177
8,18,-0.0001341029565082863,-1.1568661761884869e-07
8,19,1.7200794219970703,-0.0480891689658165
8,20,-0.20961135625839233,0.004141269717365503
8,21,0.21725213527679443,-0.004122280981391668
8,22,-0.0004475004971027374,-1.174333920062054e-05
8,23,0.2965644598007202,-0.011495957151055336
8,24,0.14415375888347626,-0.001997478771954775
8,25,-0.0011753854341804981,3.337783709866926e-06
8,26,0.042389463633298874,-0.0007888246909715235
8,27,-0.014589030295610428,0.00017748743994161487
8,28,0.2800922691822052,-0.005221765022724867
8,29,1.4999443292617798,-0.04876522347331047
8,30,0.00017769976693671197,-1.2095492820662912e-06
8,31,-4.5091368519933894e-05,1.4107463357504457e-06
8,32,-0.004598952829837799,5.246743603493087e-05
8,33,-0.002367182169109583,9.601593046681955e-05
8,34,-0.0161120668053627,0.00020830435096286237
8,35,-2.1708590984344482,0.0917191430926323
8,36,0.2983994483947754,-0.006088444963097572
8,37,-0.2042689025402069,0.003928004764020443
8,38,-0.048525504767894745,0.0006814251537434757
8,39,-0.00024166978255379945,1.8816282363331993e-06
8,40,-6.374469376169145e-05,8.01392957328062e-07
8,41,-0.01673358492553234,0.00024429732002317905
8,42,-0.6912145018577576,0.018439847975969315
8,43,0.013571961782872677,-0.00015762826660647988
8,44,0.03385164961218834,-0.0005150192300789058
8,45,0.0053305537439882755,0.0005331232096068561
8,46,-0.012625304982066154,0.00020010094158351421
8,47,-0.00010949001443805173,1.8003676132138935e-06
8,48,-0.08699565380811691,0.0012760729296132922
8,49,-0.16804128885269165,0.0030786239076405764
8,50,0.05414308235049248,-0.0006226201076060534
9,9,2.4739179611206055,0.9967718124389648
9,10,0.0007349527440965176,-5.665475782734575e-06
9,11,-0.00015562868793495,2.3406510081258602e-06
9,12,0.10162478685379028,-0.0015601636841893196
9,13,-7.267031469382346e-05,1.5685536709497683e-06
9,14,-0.0001807028747862205,1.8690660681386362e-06
9,15,-5.3665167797589675e-05,1.690917542873649e-06
9,16,-0.0005301834899000823,4.788527348864591e-06
9,17,-5.345797762856819e-05,2.4479286366840824e-06
9,18,-8.807730773696676e-05,1.4004320973981521e-06
9,19,0.0004176190122961998,-8.302669698423415e-07
9,20,0.0003551827685441822,-4.433987328411604e-07
9,21,0.056037966161966324,-0.0007357785943895578
9,22,0.0050559332594275475,-5.171547309146263e-05
9,23,-0.00020004443649668247,1.6811876548672444e-06
9,24,-0.00011996263492619619,2.459430106682703e-06
9,25,-0.0022520790807902813,2.4109416699502617e-05
9,26,-3.501799801597372e-05,1.8041753264697036e-06
9,27,0.01892177015542984,-0.0002364901010878384
9,28,0.0009380653500556946,-8.094939403235912e-06
9,29,0.00104663020465523,-9.160867193713784e-06
9,30,0.0014421188971027732,-1.1965821613557637e-05
9,31,0.04449094459414482,-0.0005646358476951718
9,32,0.014973985962569714,-0.00017707233200781047
9,33,0.003598790615797043,-3.568886313587427e-05
9,34,-0.0005487555172294378,5.036056336393813e-06
9,35,-0.00020991035853512585,2.557894958954421e-06
9,36,-0.000226583331823349,2.116343921443331e-06
9,37,-0.8621558547019958,0.0209029633551836
9,38,0.002449863590300083,-2.0027926439070143e-05
9,39,2.499860966054257e-05,1.8946955151477596e-06
9,40,7.667629688512534e-05,9.714506177260773e-07
9,41,-0.00022368470672518015,1.6810043916848372e-06
9,42,-9.725088602863252e-05,1.9846770555886906e-06
9,43,-0.0007046695682220161,6.1630335039808415e-06
9,44,0.0032599903643131256,-3.519446181599051e-05
9,45,0.0008884134003892541,-6.937689704500372e-06
9,46,-0.00015629641711711884,8.742705404074513e-07
9,47,-0.000218741872231476,2.479894874340971e-06
9,48,0.052356377243995667,-0.0007072188309393823
9,49,-0.00011866936256410554,1.773678491190367e-06
9,50,-0.00010847380326595157,1.0073893008666346e-06
10,10,1.2949397563934326,0.9769542813301086
10,11,-0.0001270076318178326,1.4606335980715812e-06
10,12,-0.0006399471894837916,7.370586445176741e-06
10,13,0.018302155658602715,-0.00019299157429486513
10,14,9.092323307413608e-05,1.8159056480726576e-06
10,15,-0.00908552948385477,9.761659748619422e-05
10,16,0.012745161540806293,-0.00012947653885930777
10,17,0.028268596157431602,-0.000346999557223171
10,18,-8.96512356121093e-05,1.2275719427634613e-06
10,19,-0.01367769856005907,0.000150836436660029
10,20,-0.054123859852552414,0.0006945690256543458
10,21,-1.0914118320215493e-05,4.6172334577931906e-07
10,22,-0.0007658654358237982,8.041405635594856e-06
10,23,0.012797405943274498,-0.0001536550698801875
10,24,0.0021822676062583923,-2.2040449039195664e-05
10,25,0.0035111205652356148,-3.123424176010303e-05
10,26,0.006565992720425129,-6.306073191808537e-05
10,27,0.028998132795095444,-0.0003728162555489689
10,28,-1.7552542686462402,0.058505866676568985
10,29,0.04532423987984657,-0.0006228974089026451
10,30,-6.592174031538889e-05,2.741408479778329e-06
10,31,-0.0001710428623482585,1.9562933175620856e-06
10,32,-0.00016419542953372002,1.673393853707239e-06
10,33,-0.00023353549477178603,1.857707047747681e-06
10,34,-4.5994493120815605e-05,7.711782927799504e-07
10,35,-0.00785316526889801,8.03381553851068e-05
10,36,-0.03942118212580681,0.0005497803213074803
10,37,0.006289385259151459,-6.683838728349656e-05
10,38,0.052998725324869156,-0.0007293216185644269
10,39,0.00013941510405857116,1.995470483961981e-06
10,40,-0.00023905682610347867,1.3705591754842317e-06
10,41,-0.0018179189646616578,1.818284363253042e-05
10,42,-0.0016044911462813616,1.6174277334357612e-05
10,43,0.004749206360429525,-4.804177660844289e-05
10,44,0.0034314231015741825,-3.464665496721864e-05
10,45,-1.199663758277893,0.034023597836494446
10,46,0.002007504226639867,-2.0231560483807698e-05
10,47,0.00024213660799432546,3.0685723118040187e-07
10,48,-0.008986582979559898,8.19622800918296e-05
10,49,0.013631822541356087,-0.000140662508783862
10,50,0.01621912233531475,-0.0001679906708886847
11,11,0.823881208896637,0.8666793704032898
11,12,0.00020188056805636734,-5.280759864945139e-07
11,13,0.0008737636380828917,-7.141314199543558e-06
11,14,0.015060137957334518,-0.000162440279382281
11,15,-0.0001453947916161269,2.0679692624980817e-06
11,16,-0.0006079971208237112,6.930094968993217e-06
11,17,-7.79984566179337e-06,9.395919846610923e-07
11,18,0.02934703789651394,-0.00033712779986672103
11,19,-0.002890992444008589,2.9069511583657004e-05
11,20,-0.00017634352843742818,2.1999676391715184e-06
11,21,0.00968657061457634,-0.0001490035792812705
11,22,0.004047134891152382,-4.4174194044899195e-05
11,23,-0.011841189116239548,0.0001687223993940279
11,24,-0.5127831101417542,0.011447525583207607
11,25,-0.4694475531578064,0.010046410374343395
11,26,0.012193937785923481,-0.00013901892816647887
11,27,-0.0006385617307387292,6.935633336979663e-06
11,28,-0.0002709006075747311,3.2957495932350866e-06
11,29,-0.007340047042816877,6.890268559800461e-05
11,30,8.861695096129552e-05,-1.7061529433703981e-07
11,31,-0.00012793998757842928,1.5831212749617407e-06
11,32,0.24387608468532562,-0.004264459945261478
11,33,-0.01943271793425083,0.0002764885139185935
11,34,-0.007627319078892469,9.010529902298003e-05
11,35,0.002652924507856369,-2.107504587911535e-05
11,36,-0.0010574727784842253,1.3796056009596214e-05
11,37,0.011185083538293839,-0.00012412377691362053
11,38,-0.005183646455407143,5.2166389650665224e-05
11,39,-0.0003174488083459437,2.671789161468041e-06
11,40,-7.366010686382651e-05,3.041118816327071e-06
11,41,-0.007574541959911585,0.00011371435539331287
11,42,0.47174906730651855,-0.008649665862321854
11,43,0.47865813970565796,-0.009462200105190277
11,44,-0.0021542408503592014,2.8953607397852466e-05
11,45,-0.019061913713812828,0.0002200626186095178
11,46,-0.00014933398051653057,1.7591851246834267e-06
11,47,-0.0010711022187024355,9.828360816754866e-06
11,48,0.00010624098649714142,5.723618414776865e-07
11,49,0.02752104587852955,-0.00031584282987751067
11,50,-0.0066390796564519405,7.142906542867422e-05
12,12,-0.38222819566726685,0.9620222449302673
12,13,-0.01816472038626671,0.00021366772125475109
12,14,-0.00011042903497582301,2.2202950731298188e-06
12,15,0.0005109969060868025,-8.124092346406542e-06
12,16,0.11452171206474304,-0.001692526857368648
12,17,0.017870817333459854,-0.0002164088364224881
12,18,0.0013786667259410024,-3.964918141718954e-05
12,19,-0.011220326647162437,0.00012484246690291911
12,20,-0.0012478989083319902,1.3047449101577513e-05
12,21,-0.12830373644828796,0.0017858159262686968
12,22,-0.005340090021491051,7.000943878665566e-05
12,23,0.00205384218133986,-2.934298936452251e-05
12,24,-0.010908355005085468,0.00012057409912813455
12,25,0.0033457374665886164,-3.1371586374007165e-05
12,26,0.0003403738373890519,-7.78506034748716e-07
12,27,0.034258343279361725,-0.0004962338716723025
12,28,-0.002338361693546176,2.406187377346214e-05
12,29,-7.90814301581122e-05,1.2275013432372361e-06
12,30,-2.350834846496582,0.09092868864536285
12,31,-0.0011535950470715761,1.2595521184266545e-05
12,32,0.0012321947142481804,3.909079168806784e-05
12,33,-0.008777517825365067,0.00010414581629447639
12,34,0.10339837521314621,-0.001532283378764987
12,35,0.026264706626534462,-0.0003442154556978494
12,36,-0.021922919899225235,0.0003053601540159434
12,37,0.023447712883353233,-0.00025458328309468925
12,38,0.03470858559012413,-0.0004300365108065307
12,39,-0.0003087016521021724,2.973430355268647e-06
12,40,-0.00012492752284742892,1.3162698451196775e-06
12,41,0.00663413992151618,-7.297173578990623e-05
12,42,0.0030256854370236397,-3.221739098080434e-05
12,43,-0.05020599812269211,0.0007076888578012586
12,44,0.045650381594896317,-0.0006015846156515181
12,45,-0.0003162620705552399,1.8633023728398257e-06
12,46,0.0023710683453828096,-2.610759111121297e-05
12,47,0.001567709376104176,-1.104706279875245e-05
12,48,-5.4784974054200575e-05,8.677022265146661e-07
12,49,-0.1831391155719757,0.0031809983775019646
12,50,-0.000999174197204411,1.0351229320804123e-05
13,13,1.2921555042266846,0.9459059238433838
13,14,-0.000124417754705064,8.612478268332779e-07
13,15,0.2510767877101898,-0.0046670385636389256
13,16,0.16480191051959991,-0.007392959203571081
13,17,-0.045088693499565125,0.0005309922271408141
13,18,0.004445026628673077,-3.7838730349903926e-05
13,19,0.023805195465683937,-0.0002667166118044406
13,20,0.06271728128194809,-0.0007956314948387444
13,21,0.009880132973194122,-0.00013380919699557126
13,22,0.007525605149567127,-9.377903188578784e-05
13,23,0.03969290480017662,-0.0005515135708265007
13,24,0.00020519254030659795,-2.037485955952434e-06
13,25,0.00033582260948605835,-2.661852477103821e-06
13,26,0.0021130675449967384,-1.625841105123982e-05
13,27,-0.0014300307957455516,1.3794748156215064e-05
13,28,0.025838300585746765,-0.0002911132469307631
13,29,-0.005232141353189945,5.520761988009326e-05
13,30,-0.0018306185957044363,2.0366844182717614e-05
13,31,0.001621830859221518,-1.0961697626044042e-05
13,32,-0.004795735701918602,4.679379708250053e-05
13,33,0.060952432453632355,-0.0007889661355875432
13,34,-0.024416740983724594,0.0002857345389202237
13,35,0.000608537346124649,-7.17184821041883e-06
13,36,0.20952746272087097,-0.006141212303191423
13,37,-0.004124628379940987,4.232020728522912e-05
13,38,-0.0006377724348567426,6.68294842398609e-06
13,39,-1.8175657987594604,0.06526599824428558
13,40,8.228070510085672e-05,-3.605684355534322e-07
13,41,0.11021324247121811,-0.0016005471115931869
13,42,-0.0005464526475407183,5.607333150692284e-06
13,43,-8.254110434791073e-05,7.87959265835525e-07
13,44,-0.00011186808842467144,1.0004198429669486e-06
13,45,0.10567307472229004,-0.0014895175117999315
13,46,-0.00032190646743401885,1.0961266525555402e-05
13,47,2.3072350813890807e-05,1.2360242180875503e-06
13,48,0.00010006937372963876,1.1643864183952246e-07
13,49,-0.1891641616821289,0.002783684991300106
13,50,-0.005413490813225508,5.2471496019279584e-05
14,14,2.2862062454223633,0.9973181486129761
14,15,-2.8560210921568796e-05,1.2023162980767665e-06
14,16,-0.0005091228522360325,6.04246451985091e-06
14,17,-0.0008553658262826502,8.4414068624028e-06
14,18,-0.00010087697592098266,8.813315162115032e-07
14,19,0.07413119822740555,-0.000959445140324533
14,20,0.0073865726590156555,-6.946396024432033e-05
14,21,0.008349400945007801,-8.705130312591791e-05
14,22,-0.0002807924465741962,4.844916020374512e-06
14,23,-0.00014208409993443638,1.1423475143601536e-06
14,24,0.015203593298792839,-0.00016327785851899534
14,25,-8.563409210182726e-05,3.167748445775942e-06
14,26,1.0034716979134828e-05,4.882440975961799e-07
14,27,0.003176566446200013,-2.860475069610402e-05
14,28,-0.010612880811095238,0.00012189452536404133
14,29,0.04588036984205246,-0.0005477567901834846
14,30,3.8883470551809296e-05,4.852236088481732e-07
14,31,5.741781569668092e-05,1.0197929896094138e-06
14,32,-0.283516526222229,0.004765854682773352
14,33,-4.0778824768494815e-05,2.7871234919985e-07
14,34,0.0005662711919285357,-4.7604753490304574e-06
14,35,-0.002804083749651909,2.7589385354076512e-05
14,36,-6.760285759810358e-05,6.048987870599376e-07
14,37,-0.014619932509958744,0.00016871154366526753
14,38,0.033134568482637405,-0.00040203772368840873
14,39,2.6174058803007938e-05,1.6528496189494035e-06
14,40,-0.00020450417650863528,5.1486022130120546e-06
14,41,0.005101577844470739,-4.789704325958155e-05
14,42,-0.01297818124294281,0.0001227168395416811
14,43,0.005713409744203091,-6.478557043010369e-05
14,44,0.007969125173985958,-8.96147612365894e-05
14,45,0.0686311200261116,-0.0009237501653842628
14,46,-0.009180322289466858,9.208257688442245e-05
14,47,-0.0017208895878866315,1.1372912922524847e-05
14,48,-0.0008450933382846415,9.637310540711042e-06
14,49,-0.0047934097237885,4.5116812543710694e-05
14,50,0.03055797517299652,-0.0004455348534975201
15,15,1.1185766458511353,0.9818964600563049
15,16,0.04473908245563507,-0.000544013746548444
15,17,0.5225179195404053,-0.010192390531301498
15,18,2.7823121854453348e-05,2.8075737645849586e-07
15,19,-0.2724781632423401,0.004594711121171713
15,20,-2.390747547149658,0.09094996750354767
15,21,-0.010208233259618282,0.00010761296289274469
15,22,0.00032181121059693396,-4.977502612746321e-06
15,23,-0.0029027971904724836,3.853277667076327e-05
15,24,-0.014217721298336983,0.00017289831885136664
15,25,4.461096250452101e-05,6.945969062144286e-07
15,26,0.016561727970838547,-0.00017054204363375902
15,27,0.0004334029508754611,-2.9375228223216254e-06
15,28,-0.006414697039872408,7.371238461928442e-05
15,29,0.2700061798095703,-0.004795018117874861
15,30,9.82918354566209e-05,5.5741974591683174e-08
15,31,-0.00011256274592597038,1.695047103567049e-06
15,32,0.013413315638899803,-0.00013802236935589463
15,33,-0.009947862476110458,0.0001093445680453442
15,34,-0.05115538462996483,0.0006537350127473474
15,35,-0.009825048968195915,0.00012975871504750103
15,36,-0.02143952064216137,0.00028787535848096013
15,37,2.5403760446351953e-05,1.3111994121572934e-06
15,38,-7.346727943513542e-05,9.295798690800439e-07
15,39,0.003561912104487419,-3.609598206821829e-05
15,40,2.668382876436226e-05,1.185448695650848e-06
15,41,-0.011363436467945576,0.00012583752686623484
15,42,0.05010893568396568,-0.0006374114309437573
15,43,-3.20645012834575e-05,8.036706731218146e-07
15,44,-0.00011156435357406735,1.2204824315631413e-06
15,45,-0.1881997138261795,0.0027715901378542185
15,46,0.03057941235601902,-0.00038033825694583356
15,47,-9.570951806381345e-05,2.2382967017620103e-06
15,48,-0.00012073293328285217,1.8359201021667104e-06
15,49,1.1811115741729736,-0.025873105973005295
15,50,0.05048075318336487,-0.0006614321027882397
16,16,-3.1819729804992676,0.8191066980361938
16,17,-0.07060596346855164,0.0009610339184291661
16,18,-0.03141903504729271,0.0004897926119156182
16,19,0.9615736603736877,-0.02087233029305935
16,20,0.8861913681030273,-0.017369847744703293
16,21,0.40812623500823975,-0.007513910066336393
16,22,-0.07777057588100433,0.0021755434572696686
16,23,0.03483448922634125,-0.0009656570618972182
16,24,0.017298758029937744,-0.0001978250511456281
16,25,-0.0026563594583421946,2.5442779588047415e-05
16,26,-0.10675180703401566,0.0015582834603264928
16,27,-0.03508834168314934,0.00046814943198114634
16,28,0.0646357387304306,-0.0009148184908553958
16,29,0.009347353130578995,-0.00012943550245836377
16,30,0.003366795601323247,-3.7997284380253404e-05
16,31,-0.000544651469681412,7.52389314584434e-06
16,32,-0.0761302039027214,0.0012124478816986084
16,33,0.28197261691093445,-0.005505453795194626
16,34,0.29581955075263977,-0.006093679461628199
16,35,-0.055472154170274734,0.0007635438814759254
16,36,1.847959041595459,-0.07069031149148941
16,37,-0.00829356350004673,0.0001025703750201501
16,38,-0.009542335756123066,0.00011428779544075951
16,39,0.04661773890256882,-0.0005970464553683996
16,40,0.0001826574734877795,-1.0452851029185695e-06
16,41,-0.31991687417030334,0.00821477361023426
16,42,-0.010306988842785358,0.0001255769602721557
16,43,0.0009234987664967775,-1.210305345011875e-05
16,44,-0.0009702388779260218,8.931357115216088e-06
16,45,0.1184745654463768,-0.0018055237596854568
16,46,-0.22727172076702118,0.004144149832427502
16,47,-4.9103895435109735e-05,6.064287845219951e-07
16,48,0.00014592982188332826,-8.321467248606496e-08
16,49,0.07905488461256027,-0.0016819940647110343
16,50,0.006806544028222561,-8.283450733870268e-05
17,17,-0.158567413687706,0.9721477031707764
17,18,-9.251549636246637e-05,5.644714633490366e-07
17,19,2.558809757232666,-0.0744527280330658
17,20,0.2168860286474228,-0.0032953061163425446
17,21,0.5080078840255737,-0.009164550341665745
17,22,0.0011551781790331006,-1.7016458514262922e-05
17,23,0.00043068945524282753,-4.095409167348407e-06
17,24,0.23250742256641388,-0.0032200946006923914
17,25,-0.0045820968225598335,4.5650958782061934e-05
17,26,-0.10794639587402344,0.0016958309570327401
17,27,-8.505765435984358e-05,2.099458924931241e-06
17,28,0.4783880412578583,-0.009049087762832642
17,29,0.7723737955093384,-0.022016238421201706
17,30,0.004288609605282545,-4.475581954466179e-05
17,31,0.003907578531652689,-3.2200845453189686e-05
17,32,-0.029773274436593056,0.0003412625810597092
17,33,0.03207782655954361,-0.000451865722425282
17,34,-0.026091473177075386,0.0003336636000312865
17,35,-1.860926866531372,0.06257270276546478
17,36,0.240254208445549,-0.004199546296149492
17,37,-0.06101495772600174,0.000848244468215853
17,38,-0.0017507404554635286,1.8451448340783827e-05
17,39,-0.0002900708932429552,2.4161977307812776e-06
17,40,-5.970960046397522e-05,5.061292540631257e-07
17,41,-0.0028228978626430035,3.401005960768089e-05
17,42,-1.1263606548309326,0.030058765783905983
17,43,0.0005201033200137317,-5.526338554773247e-06
17,44,0.016136836260557175,-0.00019791106751654297
17,45,0.41728895902633667,-0.006372868083417416
17,46,-0.09887685626745224,0.0014062343398109078
17,47,-0.00013912880967836827,2.259826260342379e-06
17,48,0.0008893052581697702,-6.273779490584275e-06
17,49,-2.257511854171753,0.07982777804136276
17,50,0.019572945311665535,-0.00019129582506138831
18,18,-0.14309681951999664,0.1457558125257492
18,19,0.00039022520650178194,-5.284785856929375e-06
18,20,0.0004495737375691533,-2.7943822260567686e-06
18,21,-0.0012648928677663207,1.0709767593652941e-05
18,22,-0.031943872570991516,0.0006046410999260843
18,23,0.004728012252599001,-2.3831529688322917e-05
18,24,0.0014861095696687698,-1.5257451195793692e-05
18,25,-0.0006961073959246278,8.057986633502878e-06
18,26,-0.03926024213433266,0.0004999436205253005
18,27,-0.0020825020037591457,2.1911559088039212e-05
18,28,0.00021374576317612082,4.427891781233484e-06
18,29,-0.006541687063872814,9.6802985353861e-05
18,30,-0.02557607926428318,0.00037040471215732396
18,31,-6.587096868315712e-05,9.444841566619289e-07
18,32,-0.005834986921399832,9.643415251048282e-05
18,33,-0.11352607607841492,0.004617006983608007
18,34,0.0005015959613956511,-1.6663039787090383e-05
18,35,-0.0005022669211030006,4.315966180001851e-06
18,36,0.0506177619099617,-0.0013336794218048453
18,37,-0.0055190687999129295,6.965963984839618e-05
18,38,0.002010260708630085,-2.4670656785019673e-05
18,39,-0.00023513968335464597,1.686084715402103e-06
18,40,-7.774341065669432e-05,6.731070243404247e-07
18,41,0.352071613073349,-0.011560599319636822
18,42,-0.01345206331461668,0.0001873180881375447
18,43,-0.04923427104949951,0.000731175416149199
18,44,-0.0035174593795090914,0.00014564162120223045
18,45,0.0006661250372417271,-7.987941899045836e-06
18,46,-0.00020432865130715072,1.4673516943730647e-06
18,47,0.0024969971273094416,-2.2926577003090642e-05
18,48,-0.00013169404701329768,1.5921826843623421e-06
18,49,-0.03154059126973152,0.0005987288313917816
18,50,-0.001101559610106051,1.0384201232227497e-05
19,19,-1.7333980798721313,0.8861039876937866
19,20,-2.277935743331909,0.08052049577236176
19,21,-0.4121312201023102,0.006624325178563595
19,22,-0.0305321104824543,0.0005474108038470149
19,23,-0.02473319321870804,0.0004769142542500049
19,24,-0.08035934716463089,0.0009759930544532835
19,25,0.006415802985429764,-6.553653656737879e-05
19,26,0.031643547117710114,-0.00045977867557667196
19,27,-0.00046459760051220655,3.4812217108992627e-06
19,28,-0.13952235877513885,0.0024404376745224
19,29,-2.735239267349243,0.19477622210979462
19,30,-0.00336010311730206,3.566362283891067e-05
19,31,-9.016664989758283e-05,1.278474314858613e-06
19,32,0.12857136130332947,-0.0019162639509886503
19,33,-0.004632825963199139,-6.957090954529122e-05
19,34,0.086854949593544,-0.0016959988279268146
19,35,1.8175017833709717,-0.05375709757208824
19,36,-0.35662755370140076,0.006854509003460407
19,37,0.4552735388278961,-0.007544150110334158
19,38,-0.023747751489281654,0.00031403719913214445
19,39,-2.0889920051558875e-05,9.3544008450408e-07
19,40,-6.090043461881578e-05,2.2134315713628894e-07
19,41,0.010822270065546036,-0.0001646851160330698
19,42,0.6515779495239258,-0.01198239903897047
19,43,-0.007499690167605877,8.229393279179931e-05
19,44,-0.16358023881912231,0.00300546339713037
19,45,-0.5374425053596497,0.007785867899656296
19,46,0.30693721771240234,-0.005072101950645447
19,47,-0.00010994567855959758,2.22612061406835e-06
19,48,-0.00024652876891195774,3.082169996559969e-06
19,49,1.2355316877365112,-0.026726186275482178
19,50,-0.1946333348751068,0.00285306922160089
20,20,-0.37663787603378296,0.9700741767883301
20,21,-0.022415097802877426,0.0002530102210585028
20,22,-0.024155857041478157,0.00036974289105273783
20,23,-0.048895739018917084,0.0007600747630931437
20,24,-0.006964698899537325,7.900610216893256e-05
20,25,0.000789629586506635,-7.922898475953843e-06
20,26,0.09746643900871277,-0.0013773858081549406
20,27,0.00012565794168040156,-7.182271701822174e-07
20,28,-0.00702477665618062,7.008706597844139e-05
20,29,0.9669893980026245,-0.030152829363942146
20,30,9.01354942470789e-05,1.5465506919554173e-07
20,31,-6.500014569610357e-05,1.1820270628959406e-06
20,32,0.013039600104093552,-0.00015543132030870765
20,33,-0.024670014157891273,0.00037410901859402657
20,34,-0.0861804261803627,0.0012980210594832897
20,35,-0.04261161759495735,0.0006425433675758541
20,36,-0.1560392826795578,0.0024597530718892813
20,37,0.06493853032588959,-0.0008883517002686858
20,38,0.0019033246207982302,-9.304305422119796e-06
20,39,-8.005635754670948e-05,8.692744017935183e-07
20,40,-7.834975804144051e-06,7.891229074630246e-07
20,41,-0.030810818076133728,0.0003930423117708415
20,42,0.08989013731479645,-0.0013032432179898024
20,43,0.0007679722039029002,-6.02554109718767e-06
20,44,0.006118088494986296,-6.585834489669651e-05
20,45,-0.42178189754486084,0.006759859621524811
20,46,0.006215215660631657,-6.235834734980017e-05
20,47,-0.00021276975166983902,2.168157379855984e-06
20,48,-0.0018834465881809592,2.0163712179055437e-05
20,49,0.5793904066085815,-0.010151784867048264
20,50,0.1691957712173462,-0.0023375866003334522
21,21,-1.7871818542480469,0.9037857055664062
21,22,-0.012080133892595768,0.00016886649245861918
21,23,0.005630352534353733,-6.397917604772374e-05
21,24,-3.045531988143921,0.1395265907049179
21,25,0.034832973033189774,-0.00039719371125102043
21,26,-0.002664652420207858,2.5556764740031213e-05
21,27,-0.0007242033025249839,1.409939068253152e-05
21,28,0.010232843458652496,-0.00012908043572679162
21,29,-0.13872744143009186,0.0020176065154373646
21,30,-0.00701023219153285,6.391892384272069e-05
21,31,-0.09375203400850296,0.0013324867468327284
21,32,0.5351633429527283,-0.009449007920920849
21,33,-0.005555613897740841,7.691489736316726e-05
21,34,1.1482199430465698,-0.02300895005464554
21,35,2.5068585872650146,-0.06982535868883133
21,36,-0.15036191046237946,0.002944116247817874
21,37,0.12330283224582672,-0.0018687014235183597
21,38,-0.007359161972999573,8.418828656431288e-05
21,39,0.0015040361322462559,-1.3407419828581624e-05
21,40,-0.006226687226444483,5.740480628446676e-05
21,41,0.028779592365026474,-0.00034783611772581935
21,42,0.8308837413787842,-0.018500719219446182
21,43,0.07201405614614487,-0.0015567473601549864
21,44,-0.04470555856823921,0.0007092626765370369
21,45,-0.21058344841003418,0.0032973892521113157
21,46,0.11001472175121307,-0.0017627953784540296
21,47,0.001296625821851194,-9.827960639086086e-06
21,48,-0.020917551591992378,0.00025507216923870146
21,49,0.03941984474658966,1.933804014697671e-05
21,50,-0.011649221181869507,0.00014738616300746799
22,22,-0.14776776731014252,0.08167915046215057
22,23,-0.003053516149520874,5.9204718127148226e-05
22,24,0.0005383127718232572,-6.736882369295927e-06
22,25,0.0005612290115095675,-6.446657152991975e-06
22,26,0.0011191535741090775,-1.2239607713127043e-05
22,27,-0.15695877373218536,0.002768106060102582
22,28,-0.0011089884210377932,-0.00013599944941233844
22,29,0.09330645948648453,-0.0019508134573698044
22,30,-7.742120942566544e-05,1.0004990826928406e-06
22,31,-0.00013225690054241568,1.9440553842287045e-06
22,32,-0.016791770234704018,0.0002640821039676666
22,33,-0.36493411660194397,0.0118552315980196
22,34,0.22206266224384308,-0.007254213560372591
22,35,-0.0001715749385766685,3.853139787679538e-06
22,36,-0.010088891722261906,0.00013638615200761706
22,37,0.07409518212080002,-0.002819670829921961
22,38,0.20523372292518616,-0.0047054598107934
22,39,-6.23718005954288e-05,1.9002214912688942e-06
22,40,-3.371312686795136e-07,2.6921520657197107e-07
22,41,0.016199391335248947,-0.0004874604055657983
22,42,-0.05816030502319336,0.0011133678490296006
22,43,0.01307082362473011,-0.00017850547737907618
22,44,0.09394840896129608,-0.001825037063099444
22,45,0.0012005339376628399,-3.115631670880248e-06
22,46,-0.00015984161291271448,2.950037192306354e-08
22,47,-0.00013481754285749048,1.4713489235873567e-06
22,48,-0.026709146797657013,0.000308973336359486
22,49,-0.005795856472104788,0.00013297041004989296
22,50,0.054641205817461014,-0.0009441720903851092
23,23,-0.21324200928211212,0.07223533093929291
23,24,0.0018147374503314495,-2.077252065646462e-05
23,25,-0.06267376989126205,0.0008952727657742798
23,26,-0.00992164108902216,0.00022461074695456773
23,27,-0.00013977268827147782,1.9832400539598893e-06
23,28,-0.2245497703552246,0.004626029171049595
23,29,0.04536669701337814,-0.000993899768218398
23,30,0.0010013533756136894,-1.1276413715677336e-05
23,31,-4.4709806388709694e-05,8.58984947171848e-07
23,32,-0.04136853665113449,0.0005839088116772473
23,33,-0.19466030597686768,0.00916046928614378
23,34,-0.0007805227651260793,-5.300810153130442e-05
23,35,-0.005943074822425842,8.354041347047314e-05
23,36,-0.2598033547401428,0.011503741145133972
23,37,-0.012159198522567749,0.00017550343181937933
23,38,0.007208892144262791,-9.231112198904157e-05
23,39,-2.157008566427976e-05,1.908069862111006e-06
23,40,-3.894418227901042e-07,-1.867178838210748e-07
23,41,-0.7688195705413818,0.03190690279006958
23,42,-0.0068190861493349075,4.714759415946901e-05
23,43,0.14133870601654053,-0.0029585235752165318
23,44,0.04553869366645813,-0.0008634207770228386
23,45,0.061101578176021576,-0.0010809069499373436
23,46,-0.020106351003050804,0.0002951874630525708
23,47,-0.011552300304174423,0.00012003422307316214
23,48,0.0006004789611324668,-6.852584192529321e-06
23,49,0.008053455501794815,-0.00011319400800857693
23,50,0.051984429359436035,-0.0008741169585846364
24,24,-0.6310654282569885,0.9555061459541321
24,25,0.0003524323692545295,1.1600290150681758e-07
24,26,-0.0004372830153442919,3.5515590752766e-06
24,27,-7.023017678875476e-05,1.4720420722369454e-06
24,28,0.1049545481801033,-0.0015974168200045824
24,29,-0.08476432412862778,0.0011025690473616123
24,30,-0.003308410057798028,3.301720062154345e-05
24,31,-0.03794190660119057,0.00047519063809886575
24,32,0.6300430297851562,-0.014408866874873638
24,33,0.0003910501254722476,-4.538261237030383e-06
24,34,0.12194481492042542,-0.0017136761453002691
24,35,1.5487514734268188,-0.03544864431023598
24,36,-0.011749591678380966,0.0001400489272782579
24,37,0.008181784301996231,-8.94072582013905e-05
24,38,-0.0008298482862301171,8.889632226782851e-06
24,39,0.0001775812852429226,3.0839223086331913e-07
24,40,-0.021595723927021027,0.000252354220720008
24,41,0.021559813991189003,-0.0002611793752294034
24,42,2.7534451484680176,-0.07945458590984344
24,43,0.07632610201835632,-0.0013311807997524738
24,44,-0.010339501313865185,0.00013763541937805712
24,45,-1.6118792295455933,0.048814933747053146
24,46,0.018841523677110672,-0.00029731536051258445
24,47,-0.0002813006576616317,5.462682111101458e-06
24,48,0.0032757155131548643,-2.980180761369411e-05
24,49,0.2504775822162628,-0.004264554008841515
24,50,-0.26344960927963257,0.004950286820530891
25,25,2.086632013320923,0.855781614780426
25,26,-0.15101690590381622,0.0038198598194867373
25,27,-0.00012602783681359142,1.7274713854931179e-06
25,28,-0.0028126989491283894,2.8102371288696304e-05
25,29,0.0030257783364504576,-3.1292554922401905e-05
25,30,7.470696436939761e-05,-2.305494177790024e-07
25,31,-9.312271140515804e-05,3.2150187507795636e-06
25,32,-0.09309426695108414,0.0014724027132615447
25,33,-0.0018978763837367296,1.9524371964507736e-05
25,34,-0.0066184960305690765,7.167513103922829e-05
25,35,-0.0008003079565241933,8.871009413269348e-06
25,36,0.005396532826125622,-6.786226731492206e-05
25,37,-0.015497438609600067,0.00017198795103468
25,38,-0.0009277360513806343,9.656455404183362e-06
25,39,-0.0003148260875605047,3.316090896987589e-06
25,40,1.3464647963701282e-05,2.695101329663885e-06
25,41,-0.035925548523664474,0.0003942824841942638
25,42,0.0013947871048003435,-1.413755126122851e-05
25,43,0.5883215665817261,-0.013589916750788689
25,44,-0.0028246636502444744,4.377420918899588e-05
25,45,0.008426401764154434,-8.16998872323893e-05
25,46,-0.00017238549480680376,1.461034685235063e-06
25,47,-0.009907319210469723,0.00010546290286583826
25,48,0.014338712207973003,-0.00018278123752679676
25,49,-7.542841194663197e-05,1.48493847973441e-06
25,50,0.03279945254325867,-0.00038972109905444086
26,26,1.2335065603256226,0.8111939430236816
26,27,-6.513759581139311e-05,1.8392474885331467e-06
26,28,0.04484351724386215,-0.0005494796787388623
26,29,-0.009693581610918045,0.00011542551510501653
26,30,8.377617632504553e-05,-1.0482659718036302e-06
26,31,-0.00014232950343284756,1.118433715419087e-06
26,32,0.0016480748308822513,-1.693323429208249e-05
26,33,0.07561110705137253,-0.0010472177527844906
26,34,0.027199313044548035,-0.00034290822804905474
26,35,0.032172441482543945,-0.00039523383020423353
26,36,0.24325159192085266,-0.006486860569566488
26,37,-0.0001892510335892439,1.339156142421416e-06
26,38,-0.00019540726498235017,2.000017275349819e-06
26,39,-3.686784111778252e-05,1.2983574606550974e-06
26,40,-0.0002057539822999388,2.1554960767389275e-06
26,41,0.19511719048023224,-0.003242173930630088
26,42,0.0003342067648191005,-7.348199915213627e-07
26,43,-0.03145545721054077,0.00037390607758425176
26,44,-0.002018739702180028,2.1607644157484174e-05
26,45,-0.0004279163549654186,3.50640038959682e-06
26,46,0.0006948013906367123,-4.991767127648927e-06
26,47,0.0034966380335390568,-3.00568608508911e-05
26,48,0.001260586199350655,-7.279362307599513e-06
26,49,-0.005596349015831947,6.156221206765622e-05
26,50,-0.004094336181879044,3.9539681893074885e-05
27,27,-0.6206035614013672,0.6512137651443481
27,28,0.2157948613166809,-0.003583007724955678
27,29,0.004083131905645132,-4.701410580310039e-05
27,30,1.2290737686271314e-05,5.691234719051863e-07
27,31,-0.0009300155797973275,8.260329195763916e-06
27,32,-0.022970091551542282,0.00031366600887849927
27,33,-0.05610942840576172,0.0008373123127967119
27,34,-0.020488638430833817,0.00028362093144096434
27,35,-9.761474939296022e-05,9.686726798463496e-07
27,36,0.0014443938853219151,-1.1699004062393215e-05
27,37,0.2981131672859192,-0.006554184481501579
27,38,-2.2092373371124268,0.1948554813861847
27,39,-1.8645823729457334e-05,1.7626414319238393e-06
27,40,-2.979617602250073e-05,3.3395235732314177e-07
27,41,-0.0014960444532334805,1.555303060740698e-05
27,42,-0.013636679388582706,0.00015390917542390525
27,43,0.0007827863446436822,-1.5232125406328123e-05
27,44,-0.020014161244034767,0.00026032503228634596
27,45,0.03847893700003624,-0.0005351565778255463
27,46,-0.0001355642598355189,1.3206049516156781e-06
27,47,0.00018739105144049972,2.5458012586909717e-08
27,48,0.02019066922366619,-0.00023953511845320463
27,49,6.607238901779056e-05,-5.487266321324569e-07
27,50,-0.0021960255689918995,2.0997385945520364e-05
28,28,-2.943528413772583,0.8748618364334106
28,29,-0.004599122330546379,0.0017480114474892616
28,30,0.0002798081550281495,-3.646435970949824e-07
28,31,-7.886654930189252e-05,1.2451253041945165e-06
28,32,-0.004615694750100374,6.07136644248385e-05
28,33,-0.0010644254507496953,8.633606921648607e-05
28,34,-0.0007836766890250146,9.057062015926931e-06
28,35,-0.21335168182849884,0.003316385904327035
28,36,-0.28585895895957947,0.005519971717149019
28,37,-0.007190071977674961,-9.890202818496618e-06
28,38,0.5054752230644226,-0.009928650222718716
28,39,4.4444801460485905e-05,6.807027261857002e-07
28,40,-8.698596502654254e-05,8.346676736437075e-07
28,41,-0.09023675322532654,0.0015722197713330388
28,42,-0.2746230363845825,0.004694187548011541
28,43,0.04675238952040672,-0.0006363884313032031
28,44,0.49092015624046326,-0.008782337419688702
28,45,0.4953383803367615,-0.01682570017874241
28,46,-0.0667397677898407,0.0009500788291916251
28,47,-0.0027693375013768673,2.7768252039095387e-05
28,48,-0.03999532759189606,0.00048241164768114686
28,49,0.12266971915960312,-0.0019299278501421213
28,50,0.008566790260374546,7.226054731290787e-05
29,29,-1.7358040809631348,0.5403185486793518
29,30,-0.0020208777859807014,1.9767507183132693e-05
29,31,-0.00016094128659460694,1.0560980854279478e-06
29,32,0.045295096933841705,-0.0006108151865191758
29,33,0.09660222381353378,-0.0020603672601282597
29,34,0.016728026792407036,-0.00021010696946177632
29,35,1.1250759363174438,-0.02811501920223236
29,36,0.004147947765886784,-0.00013725434837397188
29,37,1.084989070892334,-0.027078785002231598
29,38,-0.08961223065853119,0.0014114525401964784
29,39,-5.012189649278298e-05,2.1608041151921498e-06
29,40,-6.349852628773078e-05,2.6191654001195275e-07
29,41,0.006712845992296934,-5.688493183697574e-05
29,42,0.8962647914886475,-0.02043243497610092
29,43,-0.007869056425988674,8.675804565427825e-05
29,44,-0.3360937535762787,0.007240307983011007
29,45,-0.22533096373081207,0.0036398095544427633
29,46,-0.05733998864889145,0.0009205347741954029
29,47,-0.00014399574138224125,2.1655378077412024e-06
29,48,0.009983299300074577,-9.881388541543856e-05
29,49,-0.17643149197101593,0.008189347572624683
29,50,-0.474453866481781,0.007095985114574432
30,30,-2.291423797607422,0.7572462558746338
30,31,-0.00023643411986995488,1.785017616384721e-06
30,32,0.007411113474518061,-6.0901653341716155e-05
30,33,0.00028378376737236977,-1.8404940647087642e-06
30,34,0.005492375232279301,-5.7360128266736865e-05
30,35,0.007529995869845152,-9.700856753624976e-05
30,36,-0.0002845900889951736,-6.918896247043449e-07
30,37,-3.610318526625633e-05,7.025888066891639e-07
30,38,-5.049063474871218e-05,7.270843411788519e-07
30,39,-0.00041106005664914846,3.962917617172934e-06
30,40,-0.00015224696835502982,2.121636953233974e-06
30,41,0.011444905772805214,-0.00014924608694855124
30,42,0.0023814348969608545,-2.5401577659067698e-05
30,43,-0.005591941997408867,5.9611837059492245e-05
30,44,0.0004752231761813164,-3.4111267268599477e-06
30,45,-0.002417126903310418,2.3898996005300432e-05
30,46,0.0011822967790067196,-1.962825444934424e-05
30,47,0.001289533218368888,-6.223644504643744e-06
30,48,0.00010718719568103552,1.8515194710744254e-07
30,49,-0.06798119097948074,0.0009127210942097008
30,50,-0.00017058437515515834,1.20440336104366e-06
31,31,1.7775285243988037,0.9941924214363098
31,32,-0.004398541059345007,4.656826422433369e-05
31,33,-7.172375717345858e-06,3.503173786612024e-07
31,34,0.00010143841791432351,4.6910369633224036e-07
31,35,0.0011522179702296853,-8.249407073890325e-06
31,36,1.3325153304322157e-05,2.8774405791409663e-07
31,37,0.0033643643837422132,-3.074967389693484e-05
31,38,-2.516480890335515e-06,1.0922633464360842e-06
31,39,0.002225623233243823,-1.303268345509423e-05
31,40,-0.00281718117184937,2.463284181430936e-05
31,41,-3.965568612329662e-05,9.104172136176203e-07
31,42,0.003014931920915842,-2.9142202038201503e-05
31,43,0.0013958230847492814,-1.0995396223734133e-05
31,44,-0.00023312625125981867,2.2383660507330205e-06
31,45,-8.698699093656614e-05,2.4417677195742726e-06
31,46,-2.1054160242783837e-05,-3.3159167855956184e-07
31,47,-9.623057121643797e-05,2.0409459011716535e-06
31,48,-0.0012519521405920386,1.3162568393454421e-05
31,49,0.004502373747527599,-3.9742928493069485e-05
31,50,-6.486937490990385e-05,1.474824898650695e-06
32,32,-2.612873077392578,0.7178178429603577
32,33,9.730050078360364e-05,-5.255519681668375e-06
32,34,0.07676640152931213,-0.0009434684179723263
32,35,-0.12772320210933685,0.001843511825427413
32,36,0.00045020744437351823,-5.217887519393116e-06
32,37,-0.10362055152654648,0.0015406734310090542
32,38,0.00606898358091712,-4.487774276640266e-05
32,39,0.0002897997328545898,9.302830221713521e-07
32,40,3.094483327004127e-05,2.3802713258191943e-06
32,41,-0.02195548452436924,0.00046895499690435827
32,42,-0.5455514192581177,0.01042240671813488
32,43,0.5830326676368713,-0.01113495696336031
32,44,0.07828409969806671,-0.001309025101363659
32,45,0.07259076833724976,-0.0010424801148474216
32,46,-0.00785968080163002,9.552564733894542e-05
32,47,-0.015069181099534035,0.00017091403424274176
32,48,-0.016896937042474747,0.0001966377894859761
32,49,-0.3569530248641968,0.005510467570275068
32,50,0.0021790098398923874,-1.9833652913803235e-05
33,33,-0.9150158166885376,0.28706082701683044
33,34,-0.04410123452544212,0.0006862188456580043
33,35,-0.0002988761116284877,1.3626525287691038e-05
33,36,-0.47371765971183777,0.01369362510740757
33,37,0.17169657349586487,-0.003735623089596629
33,38,0.041258037090301514,-0.0005671054823324084
33,39,3.8905523979337886e-05,8.554198416277359e-07
33,40,3.065020064241253e-05,-8.308097676490434e-08
33,41,-0.9331737160682678,0.03671545162796974
33,42,0.07665544748306274,-0.0019699539989233017
33,43,0.003841136582195759,-4.468022962100804e-05
33,44,-0.000621461309492588,-6.0849677538499236e-05
33,45,-0.010310521349310875,0.00016134035831782967
33,46,-0.00022958297631703317,5.504646651388612e-06
33,47,-0.003149435156956315,3.100588946836069e-05
33,48,-0.004227109719067812,4.4901818910147995e-05
33,49,0.002848319709300995,7.691694190725684e-05
33,50,0.0031371787190437317,-5.8525816712062806e-05
34,34,-2.5160558223724365,0.7726685404777527
34,35,-1.1874030828475952,0.03273732587695122
34,36,-0.035901639610528946,0.0006739937234669924
34,37,0.019466370344161987,-0.00022343821183312684
34,38,-0.14544489979743958,0.00237687467597425
34,39,-0.0009885851759463549,9.596004929335322e-06
34,40,0.001607338199391961,-1.0915212442341726e-05
34,41,-0.020289987325668335,9.180136839859188e-05
34,42,0.047525759786367416,-0.0009071981767192483
34,43,-0.14329370856285095,0.0026947641745209694
34,44,-0.022065598517656326,0.00031372022931464016
34,45,0.002215336076915264,-2.2342925149132498e-05
34,46,-0.018254034221172333,0.00024047482293099165
34,47,8.674171840539202e-05,1.4413718645300833e-06
34,48,0.03182319179177284,-0.0003860022407025099
34,49,0.5288656949996948,-0.010823684744536877
34,50,0.0005517425015568733,-4.931270723318448e-06
35,35,-1.3434661626815796,0.9314058423042297
35,36,0.03637592867016792,-0.000645663239993155
35,37,-0.02135632373392582,0.0002562995650805533
35,38,0.0009969370439648628,-7.281953458004864e-06
35,39,-0.00014792056754231453,1.7056014485206106e-06
35,40,0.00039706198731437325,-1.9482977222651243e-06
35,41,-0.024247772991657257,0.00028891151305288076
35,42,-2.428781270980835,0.08915042877197266
35,43,-0.003035919275134802,4.7598499804735184e-05
35,44,0.023599252104759216,-0.0003203184751328081
35,45,0.1531725823879242,-0.001835874398238957
35,46,-0.11519212275743484,0.0016545895487070084
35,47,-0.0024152491241693497,2.4160877728718333e-05
35,48,-0.006828698795288801,7.318417192436755e-05
35,49,-0.05236468464136124,-0.000518299697432667
35,50,0.03730533644556999,-0.0003957617445848882
36,36,-0.7154992818832397,0.14798228442668915
36,37,0.0011552171781659126,-1.0463180842634756e-05
36,38,0.0005465863505378366,-2.9077828003210016e-06
36,39,-0.006434292066842318,9.297214273829013e-05
36,40,9.406596655026078e-05,-4.535792186288745e-07
36,41,-0.1307370662689209,0.0030969083309173584
36,42,0.004630643874406815,-5.2817820687778294e-05
36,43,0.006367932073771954,-0.00010251385538140312
36,44,0.0009162343922071159,-1.0536477020650636e-05
36,45,-0.1203010305762291,0.0021859195549041033
36,46,0.02033582702279091,-0.00031909876270219684
36,47,-0.0006851539947092533,8.257675290224142e-06
36,48,-0.0001223586587002501,1.2829109437006991e-06
36,49,0.10992499440908432,-0.0018078285502269864
36,50,0.0044409302063286304,-8.108639303827658e-05
37,37,-1.7329703569412231,0.8573434352874756
37,38,0.8191868662834167,-0.02245989628136158
37,39,2.510733247618191e-05,8.548008736397605e-07
37,40,-3.2890873171709245e-06,1.2262813697816455e-07
37,41,0.0016415411373600364,-2.046048393822275e-05
37,42,-0.34347057342529297,0.006188917905092239
37,43,0.14525997638702393,-0.0022305105812847614
37,44,0.4545142650604248,-0.008021406829357147
37,45,0.24668870866298676,-0.003819729434326291
37,46,-0.0032500361558049917,3.3337990316795185e-05
37,47,-0.0002476035733707249,2.6427171633258695e-06
37,48,-0.40409180521965027,0.007857820019125938
37,49,-0.017603935673832893,0.0002377752825850621
37,50,0.5022629499435425,-0.009167364798486233
38,38,0.8841217160224915,0.5990390777587891
38,39,-0.00010866919910768047,2.391533826084924e-06
38,40,-3.230605580029078e-05,6.412088282559125e-07
38,41,-0.0021638686303049326,2.2141970475786366e-05
38,42,0.021518312394618988,-0.0002732452121563256
38,43,-0.07567235827445984,0.0011101447744295
38,44,-0.14147333800792694,0.0020327086094766855
38,45,-0.034941136837005615,0.0005055275978520513
38,46,0.0004914553137496114,-3.4032004805339966e-06
38,47,0.0002502785937394947,-1.9329360156916664e-07
38,48,0.05697084590792656,-0.0006955859716981649
38,49,0.0008006624411791563,-6.995204785198439e-06
38,50,-0.19619743525981903,0.0033033567015081644
39,39,1.610408067703247,0.986983597278595
39,40,0.0001570386375533417,-3.1506326081398583e-07
39,41,0.00012298960064072162,4.831736646337959e-07
39,42,-0.0001622951967874542,1.979541139007779e-06
39,43,-0.00017313528223894536,1.7167845953736105e-06
39,44,-1.6262103599729016e-05,6.690664804409607e-07
39,45,0.0017347728135064244,-1.0575457963568624e-05
39,46,0.00019373807299416512,9.359476393910882e-07
39,47,-0.00022976812033448368,2.924984073615633e-06
39,48,4.050715142511763e-05,1.2063543408658006e-06
39,49,-0.0019123132806271315,2.000460517592728e-05
39,50,-0.00016639695968478918,2.0850645796599565e-06
40,40,-1.7868419885635376,0.9031023383140564
40,41,0.00010116481280419976,-9.675153478383436e-07
40,42,0.00013294808741193265,1.2512603007053258e-06
40,43,0.012278759852051735,-0.00011805152462329715
40,44,-1.4651758647232782e-05,3.957996597137026e-08
40,45,-0.00013375467096921057,9.676180070528062e-07
40,46,-4.7160196118056774e-05,4.074934736308933e-07
40,47,-0.00017817094339989126,1.9044006194235408e-06
40,48,-0.028008470311760902,0.0003360073606017977
40,49,-0.0001435282756574452,9.18003024708014e-07
40,50,-0.0002470972540322691,4.981114670954412e-06
41,41,-2.9170291423797607,0.5854951739311218
41,42,-0.0930447205901146,0.0020705147180706263
41,43,-0.17415432631969452,0.004512996878474951
41,44,0.005634900648146868,-7.542002276750281e-05
41,45,0.0022977190092206,-2.943120307463687e-05
41,46,-0.012402982451021671,0.00018696740153245628
41,47,-0.054647888988256454,0.0007223969441838562
41,48,0.00013572875468526036,-4.060240712533414e-07
41,49,0.05187816917896271,-0.0009651501895859838
41,50,0.014397991821169853,-0.00022640431416220963
42,42,-3.0437073707580566,0.7672772407531738
42,43,-0.04574289917945862,0.0007580842357128859
42,44,0.2017713487148285,-0.004761905409395695
42,45,1.2877552509307861,-0.028678223490715027
42,46,-0.011565100401639938,0.0001700495049590245
42,47,-0.0036733245942741632,3.775387449422851e-05
42,48,-0.04451844096183777,0.0005593951791524887
42,49,-2.4104502201080322,0.09467718005180359
42,50,0.19688278436660767,-0.0028693079948425293
43,43,-3.054391384124756,0.8604630827903748
43,44,0.0440833605825901,-0.000802015361841768
43,45,-0.03155896067619324,0.0003925757482647896
43,46,0.00021425297018140554,-1.2173759387223981e-06
43,47,0.20493651926517487,-0.0035787883680313826
43,48,0.15551583468914032,-0.0023098397068679333
43,49,0.010052576661109924,-0.0001465428649680689
43,50,-0.6350975036621094,0.017952073365449905
44,44,-0.8229957222938538,0.310354620218277
44,45,-0.04221697151660919,0.000518030661623925
44,46,0.0390336811542511,-0.0006847093463875353
44,47,0.0007032387075014412,-4.8381184569734614e-06
44,48,0.0017100658733397722,-1.575178248458542e-05
44,49,0.01814854145050049,-0.0002751305000856519
44,50,-0.02536018192768097,0.000336676457663998
45,45,-0.03927343338727951,0.9420357346534729
45,46,0.010977499186992645,-0.00015812924539204687
45,47,0.00019587972201406956,3.331007008000597e-07
45,48,0.004297327250242233,-3.9154278056230396e-05
45,49,1.0552031993865967,-0.023114953190088272
45,50,-0.7934285998344421,0.019508132711052895
46,46,-1.3042995929718018,0.46124744415283203
46,47,-0.00018446923058945686,1.6692591771061416e-06
46,48,-8.420478843618184e-05,6.759095754205191e-07
46,49,0.03504049405455589,-0.0006187757244333625
46,50,-0.009478207677602768,0.00011391663429094478
47,47,2.767068862915039,0.9981109499931335
47,48,-0.0006115222931839526,4.368889221950667e-06
47,49,0.0001551062159705907,-3.98586792016431e-07
47,50,0.0009161169873550534,-6.8425447352638e-06
48,48,1.731539249420166,0.9947878122329712
48,49,-0.00012983958004042506,1.3050123470748076e-06
48,50,0.025296252220869064,-0.00027556755230762064
49,49,-3.7739181518554688,0.7195833325386047
49,50,-0.014244945719838142,0.0002721588534768671
50,50,-1.6934856176376343,0.5693203806877136
